{
  "series": [
    {
      "name": "macro_complete",
      "dimension": 8,
      "timestamps": [
        1767458706139386100,
        1767458769014037800,
        1767458832077134000,
        1767458896852129100,
        1767458960506969500,
        1767459023596440800,
        1767459086666948100,
        1767459149541144000,
        1767459212624116500,
        1767459275178608000,
        1767459338575719100,
        1767459401655904600,
        1767459464735590400
      ],
      "values": [
        -0.05885577,
        -0.4492004,
        56.963318,
        3.449804,
        29.0,
        0.56268305,
        262.3727,
        96.412445,
        -0.06261077,
        -0.4530745,
        56.963318,
        3.449644,
        29.0,
        0.56382143,
        262.3727,
        96.412445,
        -0.098562516,
        -0.4888721,
        56.963318,
        3.44993,
        29.0,
        0.5099016,
        262.3727,
        96.412445,
        -0.075142324,
        -0.48224533,
        56.963318,
        3.449026,
        29.0,
        0.49978337,
        262.37048,
        96.412445,
        -0.051680554,
        -0.5783613,
        56.963318,
        3.448504,
        29.0,
        0.50224656,
        262.36722,
        96.412445,
        -0.051002685,
        -0.5673534,
        56.947556,
        3.448821,
        29.0,
        0.5145245,
        262.36722,
        94.54552,
        -0.045925155,
        -0.55342776,
        56.947556,
        3.449468,
        29.0,
        0.53442514,
        262.36722,
        94.54552,
        -0.039343145,
        -0.5570176,
        56.947556,
        3.449246,
        29.0,
        0.465127,
        262.36722,
        94.54552,
        -0.028728679,
        -0.4535223,
        56.947556,
        3.449178,
        29.0,
        0.46807492,
        262.36774,
        94.54552,
        -0.03144044,
        -0.44521144,
        56.947556,
        3.44943,
        29.0,
        0.48631024,
        262.36533,
        94.54552,
        -0.01232613,
        -0.43519357,
        56.947556,
        3.448448,
        29.0,
        0.4937977,
        262.36533,
        94.54552,
        -0.020454442,
        -0.4338763,
        56.947556,
        3.448496,
        29.0,
        0.4963386,
        262.36533,
        94.54552,
        -0.056378573,
        -0.4801849,
        56.947556,
        3.44933,
        29.0,
        0.48513812,
        262.36533,
        94.54552
      ],
      "labels": [
        {},
        {},
        {},
        {},
        {},
        {},
        {},
        {},
        {},
        {},
        {},
        {},
        {}
      ]
    }
  ],
  "created_at": 1767459916350833500
}